R-A,R-E,R-1-12,R-1-10,R-1-7,R-1-5,R-UC,R-HU,R-TH,R-2,R-3,R-4,R-MUV,R-MHS,R-MHP,C-1,C-2,C-3,C-4,C-UC,C-UV,D-1- CBD,D-1- E,D-1- CMU,D-1- RMU,D-1- AC,D-1- HC,OR,I-MU,I-1,I-2,NA,OS,IC
Agriculture (P),Agriculture (P),Agriculture (P),Agriculture (P),Agriculture (P),Agriculture (P),Agriculture (P),Agriculture (P),Agriculture (P),Agriculture (P),Agriculture (P),Agriculture (P),Agriculture (P),Agriculture (P),Agriculture (P),Agriculture (P),Agriculture (P),Agriculture (P),Agriculture (P),Agriculture (P),Agriculture (P),Agriculture (P),Agriculture (P),Agriculture (P),Agriculture (P),Agriculture (P),Agriculture (P),Agriculture (P),Agriculture (P),Agriculture (P),Agriculture (P),Agriculture (P),Agriculture (P),Agriculture (P)
,,,,,,,,,,,,,,,,,,,,,,,,,,,,,Airport (S),Airport (S),,,
,,,,,,,,,,,,,,,Amusement Facility - Indoor (P),Amusement Facility - Indoor (P),Amusement Facility - Indoor (P),Amusement Facility - Indoor (P),Amusement Facility - Indoor (P),Amusement Facility - Indoor (P),,Amusement Facility - Indoor (P),Amusement Facility - Indoor (P),Amusement Facility - Indoor (A),Amusement Facility - Indoor (P),Amusement Facility - Indoor (P),Amusement Facility - Indoor (P),Amusement Facility - Indoor (P),,,,,Amusement Facility - Indoor (P)
,,,,,,,,,,,,,,,,,,Amusement Facility - Outdoor (P),,Amusement Facility - Outdoor (S),,,,,,,,Amusement Facility - Outdoor (P),Amusement Facility - Outdoor (S),,,,
,,,,,,,,,,,,Animal Care Facility (S),,,Animal Care Facility (S),Animal Care Facility (P),Animal Care Facility (P),Animal Care Facility (P),Animal Care Facility (P),Animal Care Facility (P),,,Animal Care Facility (P),Animal Care Facility (P),Animal Care Facility (S),Animal Care Facility (P),,Animal Care Facility (P),Animal Care Facility (P),,,,
,,,,,,,,,,,,,,,Animal Shelter (S),Animal Shelter (P),Animal Shelter (P),Animal Shelter (P),Animal Shelter (P),Animal Shelter (S),Animal Shelter (S),Animal Shelter (S),Animal Shelter (S),Animal Shelter (S),Animal Shelter (S),Animal Shelter (S),,Animal Shelter (P),Animal Shelter (P),,,,
Animal Shelter – Operated by Public Authority (P),Animal Shelter – Operated by Public Authority (P),,,,,,,,,,,,,,Animal Shelter – Operated by Public Authority (P),Animal Shelter – Operated by Public Authority (P),Animal Shelter – Operated by Public Authority (P),Animal Shelter – Operated by Public Authority (P),Animal Shelter – Operated by Public Authority (P),Animal Shelter – Operated by Public Authority (P),Animal Shelter – Operated by Public Authority (P),,Animal Shelter – Operated by Public Authority (S),Animal Shelter – Operated by Public Authority (S),Animal Shelter – Operated by Public Authority (S),Animal Shelter – Operated by Public Authority (S),Animal Shelter – Operated by Public Authority (P),Animal Shelter – Operated by Public Authority (P),Animal Shelter – Operated by Public Authority (P),Animal Shelter – Operated by Public Authority (P),,,
,,,,,,,Art Gallery (S),,,,,Art Gallery (P),,,Art Gallery (P),Art Gallery (P),Art Gallery (P),Art Gallery (P),Art Gallery (P),Art Gallery (P),Art Gallery (P),Art Gallery (P),Art Gallery (P),Art Gallery (P),Art Gallery (P),Art Gallery (P),,Art Gallery (P),,,,,Art Gallery (P)
,,,,,,,Arts Studio (S),,,,,Arts Studio (P),,,Arts Studio (P),Arts Studio (P),Arts Studio (P),Arts Studio (P),Arts Studio (P),Arts Studio (P),Arts Studio (P),Arts Studio (P),Arts Studio (P),Arts Studio (P),Arts Studio (P),Arts Studio (P),,Arts Studio (P),,,,,Arts Studio (P)
,,,,,,,,,,,,,,,Automated Teller Machine - Standalone (P),Automated Teller Machine - Standalone (P),Automated Teller Machine - Standalone (P),Automated Teller Machine - Standalone (P),Automated Teller Machine - Standalone (P),Automated Teller Machine - Standalone (P),Automated Teller Machine - Standalone (P),Automated Teller Machine - Standalone (P),Automated Teller Machine - Standalone (P),Automated Teller Machine - Standalone (P),Automated Teller Machine - Standalone (P),Automated Teller Machine - Standalone (P),Automated Teller Machine - Standalone (P),Automated Teller Machine - Standalone (P),Automated Teller Machine - Standalone (P),Automated Teller Machine - Standalone (P),,,Automated Teller Machine - Standalone (P)
,,,,,,,,,,,,,,,,Bar (S),Bar (S),Bar (S),Bar (S),Bar (S),Bar (P),Bar (P),Bar (P),Bar (S),Bar (P),Bar (P),Bar (P),Bar (P),Bar (P),,,,Bar (S)
Bed and Breakfast (P),Bed and Breakfast (P),Bed and Breakfast (P),Bed and Breakfast (P),Bed and Breakfast (P),,,Bed and Breakfast (S),,,,,,,,,,,,Bed and Breakfast (P),,,,Bed and Breakfast (S),,Bed and Breakfast (S),,,,,,,,
,,,,,,,,,,,,Body Modification Establishment (S),,,,Body Modification Establishment (P),Body Modification Establishment (P),Body Modification Establishment (P),Body Modification Establishment (P),Body Modification Establishment (P),,Body Modification Establishment (P),Body Modification Establishment (P),Body Modification Establishment (P),Body Modification Establishment (P),Body Modification Establishment (P),,Body Modification Establishment (P),,,,,
,,,,,,,,,,,,,,,,,Brewery (S),Brewery (P),Brewery (S),Brewery (P),,,,,Brewery (S),Brewery (P),,Brewery (P),Brewery (P),,,,
,,,,,,,,,,,,,,,,,,Broadcasting Facility TV/Radio - With Antennae (P),,,,,,,,,Broadcasting Facility TV/Radio - With Antennae (P),Broadcasting Facility TV/Radio - With Antennae (P),Broadcasting Facility TV/Radio - With Antennae (P),Broadcasting Facility TV/Radio - With Antennae (S),,,Broadcasting Facility TV/Radio - With Antennae (P)
,,,,,,,,,,,,,,,,Broadcasting Facility TV/Radio - Without Antennae (P),Broadcasting Facility TV/Radio - Without Antennae (P),Broadcasting Facility TV/Radio - Without Antennae (P),Broadcasting Facility TV/Radio - Without Antennae (P),Broadcasting Facility TV/Radio - Without Antennae (P),Broadcasting Facility TV/Radio - Without Antennae (P),Broadcasting Facility TV/Radio - Without Antennae (P),Broadcasting Facility TV/Radio - Without Antennae (P),Broadcasting Facility TV/Radio - Without Antennae (P),Broadcasting Facility TV/Radio - Without Antennae (P),Broadcasting Facility TV/Radio - Without Antennae (P),Broadcasting Facility TV/Radio - Without Antennae (P),Broadcasting Facility TV/Radio - Without Antennae (P),Broadcasting Facility TV/Radio - Without Antennae (P),Broadcasting Facility TV/Radio - Without Antennae (S),,,Broadcasting Facility TV/Radio - Without Antennae (P)
,Bus Transfer Station (P),Bus Transfer Station (P),Bus Transfer Station (P),Bus Transfer Station (P),Bus Transfer Station (P),Bus Transfer Station (P),Bus Transfer Station (P),Bus Transfer Station (P),Bus Transfer Station (P),Bus Transfer Station (P),Bus Transfer Station (P),Bus Transfer Station (P),,,Bus Transfer Station (P),Bus Transfer Station (P),Bus Transfer Station (P),Bus Transfer Station (P),Bus Transfer Station (P),Bus Transfer Station (P),Bus Transfer Station (P),Bus Transfer Station (P),Bus Transfer Station (P),Bus Transfer Station (P),Bus Transfer Station (P),Bus Transfer Station (P),Bus Transfer Station (P),Bus Transfer Station (P),Bus Transfer Station (P),Bus Transfer Station (P),,Bus Transfer Station (P),Bus Transfer Station (P)
,,,,,,,,,,,,,,,,Business Support Services (P),Business Support Services (P),Business Support Services (P),Business Support Services (P),Business Support Services (P),Business Support Services (P),Business Support Services (S),,,Business Support Services (S),Business Support Services (P),,,,,,,
,,,,,,,,,,,,,,,,,,,,,,,,,,,,,,,,P,
,,,,,,,,,,,,,,,,Car Wash (S),Car Wash (P),Car Wash (P),,Car Wash (S),,,,,,,,Car Wash (P),Car Wash (P),,,,
,,,,,,,,,,,,,,,,,,,,,,S,,,,,,,,,,,
Cemetery (P),Cemetery (P),,,,,,,,,,,,,,,,,,,,,,,,,,,,,,,P,
Commercial Breeder (S),Commercial Breeder (S),,,,,,,,,,,,,,,,,,,,,,,,,,,,S,,,,
,,,,,,,,,,,,,,,,Commercial Facility For Pop-Up Use (P),Commercial Facility For Pop-Up Use (P),Commercial Facility For Pop-Up Use (P),Commercial Facility For Pop-Up Use (P),Commercial Facility For Pop-Up Use (P),Commercial Facility For Pop-Up Use (P),Commercial Facility For Pop-Up Use (P),Commercial Facility For Pop-Up Use (P),Commercial Facility For Pop-Up Use (P),Commercial Facility For Pop-Up Use (P),Commercial Facility For Pop-Up Use (P),,,,,,,
Community Center (P),Community Center (P),Community Center (P),Community Center (P),Community Center (P),Community Center (P),Community Center (P),Community Center (S),Community Center (P),Community Center (P),Community Center (P),Community Center (P),Community Center (P),Community Center (P),,Community Center (P),Community Center (P),Community Center (P),,Community Center (P),Community Center (P),,,,Community Center (P),Community Center (P),,,Community Center (P),,,,Community Center (P),Community Center (P)
Community Garden (P),Community Garden (P),Community Garden (P),Community Garden (P),Community Garden (P),Community Garden (P),Community Garden (P),Community Garden (S),Community Garden (P),Community Garden (P),Community Garden (P),Community Garden (P),Community Garden (P),Community Garden (P),Community Garden (P),Community Garden (P),Community Garden (P),Community Garden (P),,Community Garden (P),Community Garden (P),,,,Community Garden (P),Community Garden (P),Community Garden (P),Community Garden (P),Community Garden (P),Community Garden (P),,,Community Garden (P),Community Garden (P)
,,,,,,,,,,,,,,,,,Contractor Office (S),Contractor Office (P),,,,,,,,Contractor Office (P),,Contractor Office (P),Contractor Office (P),Contractor Office (P),,,
,,,,,,,,,,,,,,,,,,,,,,Convention Center (P),,,,,,,,,,,
Conservation Area (P),Conservation Area (P),,,,,,,,,,,,,,,,,,,,,,,,,,,,,,Conservation Area (P),Conservation Area (P),
Country Club (S),Country Club (S),Country Club (S),Country Club (S),Country Club (S),,,,,,,,,,,,,,,,,,,,,,,,,,,,Country Club (P),
,,,,Cultural Facility (S),Cultural Facility (S),Cultural Facility (S),Cultural Facility (S),Cultural Facility (S),Cultural Facility (S),Cultural Facility (S),Cultural Facility (S),,,,Cultural Facility (P),Cultural Facility (P),Cultural Facility (P),Cultural Facility (P),Cultural Facility (P),Cultural Facility (P),Cultural Facility (P),Cultural Facility (P),Cultural Facility (P),Cultural Facility (P),Cultural Facility (P),Cultural Facility (P),,Cultural Facility (P),,,Cultural Facility (P),Cultural Facility (P),Cultural Facility (P)
,,,,,,,,,,,,,,,,,Data Center (P/S),Data Center (P/S),,,,,,,,,Data Center (P/S),Data Center (P/S),Data Center (P),Data Center (P),,,
,,,,,,,,,,,,,,,Day Care Center (P),Day Care Center (P),Day Care Center (P),Day Care Center (P),Day Care Center (P),Day Care Center (P),Day Care Center (P),Day Care Center (P),Day Care Center (P),Day Care Center (P),Day Care Center (P),,Day Care Center (P),Day Care Center (P),Day Care Center (P),,,,Day Care Center (P)
Day Care Home (P),Day Care Home (P),Day Care Home (P),Day Care Home (P),Day Care Home (P),Day Care Home (P),Day Care Home (P),Day Care Home (P),Day Care Home (P),Day Care Home (P),Day Care Home (P),Day Care Home (P),,Day Care Home (P),,,,,,,,,,,Day Care Home (P),,,,,,,,,
,,,,,,,,,,,,,,,,,Detention or Penal Institution (S),Detention or Penal Institution (S),,,,,,,,Detention or Penal Institution (S),Detention or Penal Institution (S),Detention or Penal Institution (S),Detention or Penal Institution (S),Detention or Penal Institution (S),,,
,,,,,,,,,,,,,,,,,Distillery (S),Distillery (P),Distillery (S),Distillery (P),,,,,Distillery (S),Distillery (P),,Distillery (P),Distillery (P),,,,
,,,,,,,,,,,,,,,,Drive-Through Facility (A),Drive-Through Facility (P),Drive-Through Facility (P),Drive-Through Facility (A),Drive-Through Facility (A),,,Drive-Through Facility (S),,,Drive-Through Facility (S),Drive-Through Facility (P),Drive-Through Facility (A),,,,,
,,,,,,,,,,,,Dwelling – Above the Ground Floor (P),,,Dwelling – Above the Ground Floor (P),Dwelling – Above the Ground Floor (P),Dwelling – Above the Ground Floor (P),Dwelling – Above the Ground Floor (P),Dwelling – Above the Ground Floor (P),Dwelling – Above the Ground Floor (P),Dwelling – Above the Ground Floor (P),Dwelling – Above the Ground Floor (P),Dwelling – Above the Ground Floor (P),Dwelling – Above the Ground Floor (P),Dwelling – Above the Ground Floor (P),Dwelling – Above the Ground Floor (P),,Dwelling – Above the Ground Floor (P),,,,,Dwelling – Above the Ground Floor (P)
Dwelling – Accessory Dwelling Unit (A),Dwelling – Accessory Dwelling Unit (A),Dwelling – Accessory Dwelling Unit (A),Dwelling – Accessory Dwelling Unit (A),Dwelling – Accessory Dwelling Unit (A),Dwelling – Accessory Dwelling Unit (A),Dwelling – Accessory Dwelling Unit (A),Dwelling – Accessory Dwelling Unit (S),Dwelling – Accessory Dwelling Unit (A),Dwelling – Accessory Dwelling Unit (A),Dwelling – Accessory Dwelling Unit (A),,,,,,,,,,,,,,,,,,,,,,,
,,,,,,,Dwelling – Age-Restricted Housing (S),,Dwelling – Age-Restricted Housing (P),Dwelling – Age-Restricted Housing (P),Dwelling – Age-Restricted Housing (P),Dwelling – Age-Restricted Housing (P),,,,,Dwelling – Age-Restricted Housing (S),,Dwelling – Age-Restricted Housing (S),Dwelling – Age-Restricted Housing (P),Dwelling – Age-Restricted Housing (S),Dwelling – Age-Restricted Housing (S),Dwelling – Age-Restricted Housing (P),Dwelling – Age-Restricted Housing (P),Dwelling – Age-Restricted Housing (P),Dwelling – Age-Restricted Housing (P),,Dwelling – Age-Restricted Housing (S),,,,,Dwelling – Age-Restricted Housing (S)
Dwelling – Manufactured Home (P),,Dwelling – Manufactured Home (E),Dwelling – Manufactured Home (E),Dwelling – Manufactured Home (E),Dwelling – Manufactured Home (E),,,,Dwelling – Manufactured Home (E),Dwelling – Manufactured Home (E),,Dwelling – Manufactured Home (S),Dwelling – Manufactured Home (P),Dwelling – Manufactured Home (P),,,,,,,,,,,,,,,,,,,
,,,,,,,Dwelling - Multi-Family (S),,Dwelling - Multi-Family (P),Dwelling - Multi-Family (P),Dwelling - Multi-Family (P),,,,,,Dwelling - Multi-Family (S),,Dwelling - Multi-Family (S),Dwelling - Multi-Family (P),Dwelling - Multi-Family (P),Dwelling - Multi-Family (S),Dwelling - Multi-Family (P),Dwelling - Multi-Family (P),Dwelling - Multi-Family (P),Dwelling - Multi-Family (P),,Dwelling - Multi-Family (S),,,,,Dwelling - Multi-Family (S)
,,,,,,Dwelling - Townhouse (P),Dwelling - Townhouse (P),Dwelling - Townhouse (P),Dwelling - Townhouse (P),Dwelling - Townhouse (P),Dwelling - Townhouse (P),,,,,,,,Dwelling - Townhouse (P),Dwelling - Townhouse (P),,,Dwelling - Townhouse (P),Dwelling - Townhouse (P),Dwelling - Townhouse (P),,,,,,,,Dwelling - Townhouse (S)
Dwelling - Single-Family Detached (P),Dwelling - Single-Family Detached (P),Dwelling - Single-Family Detached (P),Dwelling - Single-Family Detached (P),Dwelling - Single-Family Detached (P),Dwelling - Single-Family Detached (P),Dwelling - Single-Family Detached (P),Dwelling - Single-Family Detached (P),Dwelling - Single-Family Detached (P),Dwelling - Single-Family Detached (P),Dwelling - Single-Family Detached (P),,Dwelling - Single-Family Detached (P),Dwelling - Single-Family Detached (P),,,,,,Dwelling - Single-Family Detached (P),Dwelling - Single-Family Detached (P),,,,,,,,,,,,,
,,,,,,Dwelling – Single-Family Attached (P),Dwelling – Single-Family Attached (P),Dwelling – Single-Family Attached (P),Dwelling – Single-Family Attached (P),Dwelling – Single-Family Attached (P),,Dwelling – Single-Family Attached (P),,,,,,,Dwelling – Single-Family Attached (P),Dwelling – Single-Family Attached (P),,,,,,,,,,,,,
,,,,,,Dwelling - Two-Family (P),Dwelling - Two-Family (P),Dwelling - Two-Family (P),Dwelling - Two-Family (P),Dwelling - Two-Family (P),,Dwelling - Two-Family (P),,,,,,,Dwelling - Two-Family (P),Dwelling - Two-Family (P),,,,,,,,,,,,,
Educational Facility - Primary or Secondary (P),Educational Facility - Primary or Secondary (P),Educational Facility - Primary or Secondary (S),Educational Facility - Primary or Secondary (S),Educational Facility - Primary or Secondary (S),Educational Facility - Primary or Secondary (S),Educational Facility - Primary or Secondary (P),Educational Facility - Primary or Secondary (S),Educational Facility - Primary or Secondary (P),Educational Facility - Primary or Secondary (P),Educational Facility - Primary or Secondary (P),Educational Facility - Primary or Secondary (P),,Educational Facility - Primary or Secondary (P),,Educational Facility - Primary or Secondary (P),Educational Facility - Primary or Secondary (P),Educational Facility - Primary or Secondary (P),Educational Facility - Primary or Secondary (P),Educational Facility - Primary or Secondary (P),Educational Facility - Primary or Secondary (P),,,,Educational Facility - Primary or Secondary (P),,,,,,,,,
,,,,,,,,,,,,,,,,"Educational Facility – University, College or Vocational (S)","Educational Facility – University, College or Vocational (P)","Educational Facility – University, College or Vocational (P)","Educational Facility – University, College or Vocational (S)","Educational Facility – University, College or Vocational (P)","Educational Facility – University, College or Vocational (P)",,"Educational Facility – University, College or Vocational (P)","Educational Facility – University, College or Vocational (P)","Educational Facility – University, College or Vocational (P)","Educational Facility – University, College or Vocational (P)","Educational Facility – University, College or Vocational (P)","Educational Facility – University, College or Vocational (P)","Educational Facility – University, College or Vocational (P)","Educational Facility – University, College or Vocational (S)",,,"Educational Facility – University, College or Vocational (P)"
,,,,,,,,,,,,,,,Financial Institution (P),Financial Institution (P),Financial Institution (P),Financial Institution (P),Financial Institution (P),Financial Institution (P),Financial Institution (P),Financial Institution (P),Financial Institution (P),Financial Institution (P),Financial Institution (P),Financial Institution (P),Financial Institution (P),Financial Institution (P),Financial Institution (P),,,,Financial Institution (P)
,,,,,,,,,,,,,,,Financial Institution with Drive-Through (P),Financial Institution with Drive-Through (P),Financial Institution with Drive-Through (P),Financial Institution with Drive-Through (P),Financial Institution with Drive-Through (A),Financial Institution with Drive-Through (A),,,Financial Institution with Drive-Through (A),,,Financial Institution with Drive-Through (P),Financial Institution with Drive-Through (P),Financial Institution with Drive-Through (A),,,,,
,,,,,,,,,,,,,,,Food Truck and Trailer Vendor (P),Food Truck and Trailer Vendor (P),Food Truck and Trailer Vendor (P),Food Truck and Trailer Vendor (P),Food Truck and Trailer Vendor (P),Food Truck and Trailer Vendor (P),Food Truck and Trailer Vendor (P),Food Truck and Trailer Vendor (P),Food Truck and Trailer Vendor (P),Food Truck and Trailer Vendor (P),Food Truck and Trailer Vendor (P),Food Truck and Trailer Vendor (P),Food Truck and Trailer Vendor (P),Food Truck and Trailer Vendor (P),Food Truck and Trailer Vendor (P),Food Truck and Trailer Vendor (P),,Food Truck and Trailer Vendor (P),Food Truck and Trailer Vendor (P)
,,,,,,,,,,,,Food Truck Park (S),,,Food Truck Park (S),Food Truck Park (S),Food Truck Park (S),Food Truck Park (S),Food Truck Park (S),Food Truck Park (S),Food Truck Park (S),Food Truck Park (S),Food Truck Park (S),Food Truck Park (S),Food Truck Park (S),Food Truck Park (S),Food Truck Park (S),Food Truck Park (S),Food Truck Park (S),Food Truck Park (S),,,Food Truck Park (S)
,,,,,,,,,,,,,,,,,,,,,,,,,,,,,,,,,Fraternity/Sorority (P)
,,,,,,,,,,,,,,,,,,,,,,,,,,,,,Freight Terminal (P),Freight Terminal (P),,,
,,,,,,,,,,,,,,,,Funeral Home (S),Funeral Home (P),Funeral Home (P),Funeral Home (S),,,,,,,,,,,,,,
,,,,,,,,,,,,,,,,,"Furniture, Furnishings and Equipment Sales (P)","Furniture, Furnishings and Equipment Sales (P)",,,,,,,,,,"Furniture, Furnishings and Equipment Sales (P)","Furniture, Furnishings and Equipment Sales (P)","Furniture, Furnishings and Equipment Sales (S)",,,
,,,,,,,,,,,,,,,,Gas Station (S),Gas Station (P),Gas Station (P),Gas Station (S),,,Gas Station (S),,,,Gas Station (S),Gas Station (S),Gas Station (P),Gas Station (P),Gas Station (P),,,
Golf Course/Driving Range (S),Golf Course/Driving Range (S),Golf Course/Driving Range (S),Golf Course/Driving Range (S),,,,,,,,,,,,,,,,,,,,,,,,,,,,,Golf Course/Driving Range (P),
,,,,,,,,,,,,,,,Government Office (P),Government Office (P),Government Office (P),Government Office (P),Government Office (P),Government Office (P),Government Office (P),Government Office (P),Government Office (P),Government Office (P),Government Office (P),Government Office (P),Government Office (P),Government Office (P),Government Office (P),Government Office (P),,,Government Office (P)
,,,,,,,,,,,,,,,,,Greenhouse/Nursery - Retail (A),Greenhouse/Nursery - Retail (P),,,,,,,,,,Greenhouse/Nursery - Retail (P),Greenhouse/Nursery - Retail (P),,,,
Group Home (P),Group Home (P),Group Home (P),Group Home (P),Group Home (P),Group Home (P),Group Home (P),Group Home (P),Group Home (P),Group Home (P),Group Home (P),,,,,,,,,,,,,,,,,,,,,,,
,,,,,,,,,,,,,,,,,,Halfway House (S),,,,,,,,,,Halfway House (S),,,,,
,,,,,,,,,,,,,,,,Healthcare Institution (P),Healthcare Institution (P),Healthcare Institution (P),,,,,,,,,Healthcare Institution (P),,,,,,Healthcare Institution (P)
,,,,,,,,,,,,,,,,,Heavy Retail Rental and Service (S),Heavy Retail Rental and Service (P),,Heavy Retail Rental and Service (S),,,,,,Heavy Retail Rental and Service (S),,Heavy Retail Rental and Service (S),Heavy Retail Rental and Service (P),Heavy Retail Rental and Service (P),,,
,,,,,,,,,,,,,,,,,,,,,Helipad (S),Helipad (S),,,,,Helipad (S),,Helipad (S),,,,Helipad (S)
,,,,,,,,,,,,,,,,,,,,,,,,,,,Heliport (S),,Heliport (S),Heliport (S),,,Heliport (S)
,,,,,,,,,,,,,,,,Hotel (S),Hotel (P),Hotel (P),Hotel (S),Hotel (P),Hotel (S),Hotel (P),Hotel (P),Hotel (S),Hotel (S),Hotel (S),Hotel (P),,,,,,Hotel (P)
,,,,,,,,,,,,Industrial - Artisan (S),,,,,Industrial - Artisan (S),Industrial - Artisan (P),,Industrial - Artisan (S),,,Industrial - Artisan (S),,Industrial - Artisan (S),Industrial - Artisan (P),Industrial - Artisan (S),Industrial - Artisan (P),Industrial - Artisan (P),,,,
,,,,,,,,,,,,,,,,,,,,,,,,,,,,,,Industrial - Heavy (P),,,
,,,,,,,,,,,,Industrial - Light (S),,,,,,,,,,,,,,,,Industrial - Light (P),Industrial - Light (P),Industrial - Light (P),,,
,,,,,,,,,,,,,,,,,,Industrial Design (P),Industrial Design (A),,Industrial Design (P),,Industrial Design (P),,Industrial Design (P),Industrial Design (P),Industrial Design (P),Industrial Design (P),Industrial Design (P),,,,
,,,,,,,,,,,,,,,,,Industrial Services (P),Industrial Services (P),,,,,,,,Industrial Services (P),,Industrial Services (P),Industrial Services (P),,,,
,,,,,,,,,,,,,,,,,Liquor Delivery Services (P),Liquor Delivery Services (P),,,,,,,,Liquor Delivery Services (P),,Liquor Delivery Services (P),Liquor Delivery Services (P),Liquor Delivery Services (P),,,
,,,,,,,,,,,,,,,,Liquor Sales (P),Liquor Sales (P),Liquor Sales (P),Liquor Sales (P),,,Liquor Sales (P),,,,Liquor Sales (P),,Liquor Sales (P),Liquor Sales (P),,,,
,,,,,,,,,,,,,,,,Live Entertainment - Ancillary Use (S),Live Entertainment - Ancillary Use (S),Live Entertainment - Ancillary Use (S),Live Entertainment - Ancillary Use (S),Live Entertainment - Ancillary Use (S),Live Entertainment - Ancillary Use (P),Live Entertainment - Ancillary Use (P),Live Entertainment - Ancillary Use (S),,Live Entertainment - Ancillary Use (P),,,Live Entertainment - Ancillary Use (P),,,,,
,,,,,,,,,,,,,,,,,Live Performance Venue (P),Live Performance Venue (P),Live Performance Venue (S),Live Performance Venue (P),Live Performance Venue (P),Live Performance Venue (P),Live Performance Venue (P),,Live Performance Venue (P),,,Live Performance Venue (P),,,,,Live Performance Venue (P)
Lodge/Meeting Hall (S),Lodge/Meeting Hall (S),Lodge/Meeting Hall (S),Lodge/Meeting Hall (S),Lodge/Meeting Hall (S),Lodge/Meeting Hall (S),Lodge/Meeting Hall (S),Lodge/Meeting Hall (S),Lodge/Meeting Hall (S),Lodge/Meeting Hall (S),Lodge/Meeting Hall (S),Lodge/Meeting Hall (S),,Lodge/Meeting Hall (S),,Lodge/Meeting Hall (P),Lodge/Meeting Hall (P),Lodge/Meeting Hall (P),Lodge/Meeting Hall (P),Lodge/Meeting Hall (P),Lodge/Meeting Hall (P),Lodge/Meeting Hall (P),Lodge/Meeting Hall (P),Lodge/Meeting Hall (P),Lodge/Meeting Hall (P),Lodge/Meeting Hall (P),Lodge/Meeting Hall (P),Lodge/Meeting Hall (P),Lodge/Meeting Hall (P),Lodge/Meeting Hall (P),Lodge/Meeting Hall (P),,,
,,,,,,,,,,,,,,Manufactured Home Park (P),,,,,,,,,,,,,,,,,,,
,,,,,,,,,,,,,,,,,,Marina (S),,,,,,,,,,Marina (S),Marina (S),,,Marina (S),
,,,,,,,Medical/Dental Office (S),,,,,Medical/Dental Office (P),,,Medical/Dental Office (P),Medical/Dental Office (P),Medical/Dental Office (P),Medical/Dental Office (P),Medical/Dental Office (P),Medical/Dental Office (P),Medical/Dental Office (P),,Medical/Dental Office (P),Medical/Dental Office (P),Medical/Dental Office (P),Medical/Dental Office (P),Medical/Dental Office (P),Medical/Dental Office (P),,,,,Medical/Dental Office (P)
,,,,,,,,,,,,,,,,,,,,,,Movie Studio (S),,,Movie Studio (S),,,Movie Studio (P),Movie Studio (P),,,,
,,Neighborhood Commercial Establishment (S),Neighborhood Commercial Establishment (S),Neighborhood Commercial Establishment (S),Neighborhood Commercial Establishment (S),Neighborhood Commercial Establishment (S),Neighborhood Commercial Establishment (S),Neighborhood Commercial Establishment (S),Neighborhood Commercial Establishment (S),Neighborhood Commercial Establishment (S),Neighborhood Commercial Establishment (S),,Neighborhood Commercial Establishment (S),,,,,,,,,,,,,,,,,,,,
,,,,,,,,,,,,,,,,,Nightclub (S),Nightclub (S),,Nightclub (S),,Nightclub (S),Nightclub (S),,Nightclub (S),,,Nightclub (S),,,,,
,,,,,,,Office (S),,,,,Office (P),,,Office (P),Office (P),Office (P),Office (P),Office (P),Office (P),Office (P),Office (P),Office (P),Office (P),Office (P),Office (P),Office (P),Office (P),Office (P),Office (P),,,Office (P)
,,,,,,,,,,,,,,,Outdoor Dining (S),Outdoor Dining (P),Outdoor Dining (P),Outdoor Dining (P),Outdoor Dining (P),Outdoor Dining (P),Outdoor Dining (P),Outdoor Dining (P),Outdoor Dining (P),Outdoor Dining (P),Outdoor Dining (P),Outdoor Dining (P),Outdoor Dining (S),Outdoor Dining (S),,,,,
,,,,,,,,,,,,,,,Overnight Truck Parking (S),Overnight Truck Parking (P),Overnight Truck Parking (P),Overnight Truck Parking (P),Overnight Truck Parking (P),Overnight Truck Parking (P),Overnight Truck Parking (P),Overnight Truck Parking (P),Overnight Truck Parking (P),Overnight Truck Parking (P),Overnight Truck Parking (P),Overnight Truck Parking (P),Overnight Truck Parking (S),Overnight Truck Parking (S),,,,,
,,,,,,,,,,,,,,,,,,,,,,,,,,,,,Overnight Truck Parking (Principal Use) (P),Overnight Truck Parking (Principal Use) (P),,,
,,,,,,,,,,,,,,,,Parking Lot (Principal Use) (S),Parking Lot (Principal Use) (P),Parking Lot (Principal Use) (P),Parking Lot (Principal Use) (S),Parking Lot (Principal Use) (P),,Parking Lot (Principal Use) (S),,,,Parking Lot (Principal Use) (S),Parking Lot (Principal Use) (P),Parking Lot (Principal Use) (S),Parking Lot (Principal Use) (P),,,Parking Lot (Principal Use) (P),Parking Lot (Principal Use) (P)
,,,,,,,,,,,,,,,,Parking Structure (Principal Use) (S),Parking Structure (Principal Use) (P),Parking Structure (Principal Use) (P),Parking Structure (Principal Use) (S),Parking Structure (Principal Use) (P),Parking Structure (Principal Use) (P),Parking Structure (Principal Use) (P),Parking Structure (Principal Use) (P),Parking Structure (Principal Use) (P),Parking Structure (Principal Use) (P),Parking Structure (Principal Use) (P),Parking Structure (Principal Use) (P),Parking Structure (Principal Use) (P),Parking Structure (Principal Use) (P),,,Parking Structure (Principal Use) (P),Parking Structure (Principal Use) (P)
,,,,,,,,,,,,,,,,Pay Day/Title Loan Agency (S),Pay Day/Title Loan Agency (S),Pay Day/Title Loan Agency (S),Pay Day/Title Loan Agency (S),,Pay Day/Title Loan Agency (S),,Pay Day/Title Loan Agency (S),,,,,Pay Day/Title Loan Agency (S),,,,,
,,,,,,,,,,,,,,,,,,Passenger Terminal (P),,,,,Passenger Terminal (S),,,Passenger Terminal (S),Passenger Terminal (P),Passenger Terminal (P),Passenger Terminal (S),,,,
,,,,,,,,,,,,Personal Service Establishment (P),,,Personal Service Establishment (P),Personal Service Establishment (P),Personal Service Establishment (P),Personal Service Establishment (P),Personal Service Establishment (P),Personal Service Establishment (P),Personal Service Establishment (P),Personal Service Establishment (P),Personal Service Establishment (P),Personal Service Establishment (P),Personal Service Establishment (P),Personal Service Establishment (P),Personal Service Establishment (P),Personal Service Establishment (P),Personal Service Establishment (P),,,,Personal Service Establishment (P)
Place of Worship (P),Place of Worship (P),Place of Worship (P),Place of Worship (P),Place of Worship (P),Place of Worship (P),Place of Worship (P),Place of Worship (S),Place of Worship (P),Place of Worship (P),Place of Worship (P),Place of Worship (P),Place of Worship (P),Place of Worship (P),,Place of Worship (P),Place of Worship (P),Place of Worship (P),Place of Worship (P),Place of Worship (P),Place of Worship (P),Place of Worship (P),Place of Worship (P),Place of Worship (P),Place of Worship (P),Place of Worship (P),Place of Worship (P),,Place of Worship (P),,,,,Place of Worship (P)
Public Park (P),Public Park (P),Public Park (P),Public Park (P),Public Park (P),Public Park (P),Public Park (P),Public Park (P),Public Park (P),Public Park (P),Public Park (P),Public Park (P),,Public Park (P),,Public Park (P),Public Park (P),Public Park (P),Public Park (P),Public Park (P),Public Park (P),Public Park (S),,Public Park (S),Public Park (P),Public Park (P),,,Public Park (P),,,,Public Park (P),Public Park (P)
Public Safety Facility (S),Public Safety Facility (S),Public Safety Facility (S),Public Safety Facility (S),Public Safety Facility (S),Public Safety Facility (S),Public Safety Facility (S),Public Safety Facility (S),Public Safety Facility (S),Public Safety Facility (S),Public Safety Facility (S),Public Safety Facility (S),,Public Safety Facility (S),,Public Safety Facility (P),Public Safety Facility (P),Public Safety Facility (P),Public Safety Facility (P),Public Safety Facility (P),Public Safety Facility (P),Public Safety Facility (P),Public Safety Facility (P),Public Safety Facility (P),Public Safety Facility (P),Public Safety Facility (P),Public Safety Facility (P),Public Safety Facility (P),Public Safety Facility (P),Public Safety Facility (P),Public Safety Facility (P),,,Public Safety Facility (P)
,,,,,,,,,,,,,,,,,,Public Works Facility (P),,,,,,,,Public Works Facility (S),Public Works Facility (P),Public Works Facility (P),Public Works Facility (P),Public Works Facility (P),,,Public Works Facility (P)
,,,,,,,,,,,,Reception Facility (S),,,,Reception Facility (S),Reception Facility (P),Reception Facility (P),Reception Facility (S),Reception Facility (P),,Reception Facility (S),Reception Facility (S),,Reception Facility (S),Reception Facility (P),,Reception Facility (P),,,,,
,,,,,,,,,,,,Recreational Vehicle Park (S),,,,,,Recreational Vehicle Park (S),,,,,,,,,,,,,,Recreational Vehicle Park (S),
,,,,,,,,,,,,,,,,,,Research and Development (P),,,Research and Development (S),,Research and Development (S),,,Research and Development (P),Research and Development (P),Research and Development (P),Research and Development (P),Research and Development (P),,,Research and Development (P)
,,,,,,,,,Residential Care Facility (P),Residential Care Facility (P),Residential Care Facility (P),,,,,,Residential Care Facility (P),Residential Care Facility (P),,Residential Care Facility (P),,,,Residential Care Facility (S),,,,,,,,,Residential Care Facility (P)
,,,,,,,,,,,,Restaurant (P),,,Restaurant (P),Restaurant (P),Restaurant (P),Restaurant (P),Restaurant (P),Restaurant (P),Restaurant (P),Restaurant (P),Restaurant (P),Restaurant (P),Restaurant (P),Restaurant (P),Restaurant (P),Restaurant (P),Restaurant (P),Restaurant (P),,,Restaurant (P)
,,,,,,,,,,,,Retail Goods Establishment (P),,,Retail Goods Establishment (P),Retail Goods Establishment (P),Retail Goods Establishment (P),Retail Goods Establishment (P),Retail Goods Establishment (P),Retail Goods Establishment (P),Retail Goods Establishment (P),Retail Goods Establishment (P),Retail Goods Establishment (P),Retail Goods Establishment (P),Retail Goods Establishment (P),Retail Goods Establishment (P),Retail Goods Establishment (P),Retail Goods Establishment (P),Retail Goods Establishment (P),Retail Goods Establishment (P),,,Retail Goods Establishment (P)
,,,,,,,,,,,,,,,,Retail Sales of Alcohol – Beer/Wine (P),Retail Sales of Alcohol – Beer/Wine (P),Retail Sales of Alcohol – Beer/Wine (P),Retail Sales of Alcohol – Beer/Wine (P),Retail Sales of Alcohol – Beer/Wine (P),Retail Sales of Alcohol – Beer/Wine (S),Retail Sales of Alcohol – Beer/Wine (S),Retail Sales of Alcohol – Beer/Wine (S),Retail Sales of Alcohol – Beer/Wine (S),Retail Sales of Alcohol – Beer/Wine (S),Retail Sales of Alcohol – Beer/Wine (S),Retail Sales of Alcohol – Beer/Wine (S),Retail Sales of Alcohol – Beer/Wine (P),Retail Sales of Alcohol – Beer/Wine (P),Retail Sales of Alcohol – Beer/Wine (P),,,
,,,,,,,,,,,,,,,,,,,,,,,,,,,,,,Salvage Yard (P),,,
Self-Service Ice Vending Unit (S),,,,,,,,,,,,,,,,Self-Service Ice Vending Unit (P),Self-Service Ice Vending Unit (P),Self-Service Ice Vending Unit (P),Self-Service Ice Vending Unit (P),Self-Service Ice Vending Unit (P),Self-Service Ice Vending Unit (P),Self-Service Ice Vending Unit (P),Self-Service Ice Vending Unit (P),Self-Service Ice Vending Unit (P),Self-Service Ice Vending Unit (P),Self-Service Ice Vending Unit (P),Self-Service Ice Vending Unit (P),Self-Service Ice Vending Unit (P),Self-Service Ice Vending Unit (P),Self-Service Ice Vending Unit (P),,,Self-Service Ice Vending Unit (P)
,,,,,,,,,,,,,,,,Self-Storage Facility: Climate-Controlled (S),Self-Storage Facility: Climate-Controlled (P),Self-Storage Facility: Climate-Controlled (P),Self-Storage Facility: Climate-Controlled (S),,,,Self-Storage Facility: Climate-Controlled (S),Self-Storage Facility: Climate-Controlled (S),,Self-Storage Facility: Climate-Controlled (P),Self-Storage Facility: Climate-Controlled (P),Self-Storage Facility: Climate-Controlled (P),Self-Storage Facility: Climate-Controlled (P),,,,Self-Storage Facility: Climate-Controlled (P)
,,,,,,,,,,,,,,,,,Self-Storage Facility: Outdoor (S),Self-Storage Facility: Outdoor (P),,,,,,,,Self-Storage Facility: Outdoor (P),Self-Storage Facility: Outdoor (P),Self-Storage Facility: Outdoor (P),Self-Storage Facility: Outdoor (P),Self-Storage Facility: Outdoor (S),,,
,,,,,,,,,,,,,,,,,Sexually Oriented Business (S),,,,,Sexually Oriented Business (S),,,,,,,,,,,
,,,,,,,,,,Shelter Housing (S),Shelter Housing (S),Shelter Housing (P),,,Shelter Housing (S),Shelter Housing (S),Shelter Housing (S),Shelter Housing (P),,,,,,Shelter Housing (S),,Shelter Housing (S),,Shelter Housing (S),,,,,Shelter Housing (P)
Short-Term Rental Property (P/E),Short-Term Rental Property (P/E),Short-Term Rental Property (P/E),Short-Term Rental Property (P/E),Short-Term Rental Property (P/E),Short-Term Rental Property (P/E),Short-Term Rental Property (P/E),Short-Term Rental Property (P/E),Short-Term Rental Property (P/E),Short-Term Rental Property (P/E),Short-Term Rental Property (P/E),Short-Term Rental Property (P/E),,Short-Term Rental Property (P/E),,Short-Term Rental Property (P/E),Short-Term Rental Property (P/E),Short-Term Rental Property (P/E),Short-Term Rental Property (P/E),Short-Term Rental Property (P/E),Short-Term Rental Property (P/E),Short-Term Rental Property (P/E),Short-Term Rental Property (P/E),Short-Term Rental Property (P/E),Short-Term Rental Property (P/E),Short-Term Rental Property (P/E),Short-Term Rental Property (P/E),,Short-Term Rental Property (P/E),,,,,
,,,,,,,,,Single Room Occupancy (P),Single Room Occupancy (P),Single Room Occupancy (P),,,,,,Single Room Occupancy (S),,,,,,Single Room Occupancy (S),Single Room Occupancy (S),,Single Room Occupancy (S),,Single Room Occupancy (S),,,,,
,,,,,,,,,,,,Social Service Center (P),,,Social Service Center (S),Social Service Center (S),Social Service Center (S),Social Service Center (P),Social Service Center (S),Social Service Center (S),,,Social Service Center (S),Social Service Center (S),,Social Service Center (S),,Social Service Center (S),,,,,Social Service Center (P)
,,,,,,,,,,,,,,,,,,,,,,,,,,,Solar Farm (S),Solar Farm (P),Solar Farm (P),Solar Farm (P),,,Solar Farm (P)
,,,,,,,,,,,,,,,Soup Kitchen (P),Soup Kitchen (P),Soup Kitchen (P),Soup Kitchen (P),Soup Kitchen (P),Soup Kitchen (P),Soup Kitchen (P),Soup Kitchen (P),Soup Kitchen (P),Soup Kitchen (P),Soup Kitchen (P),Soup Kitchen (P),Soup Kitchen (P),Soup Kitchen (P),Soup Kitchen (P),Soup Kitchen (P),,,Soup Kitchen (P)
,,,,,,,,,,,,,,,Soup Kitchen Accessory (P),Soup Kitchen Accessory (P),Soup Kitchen Accessory (P),Soup Kitchen Accessory (P),Soup Kitchen Accessory (P),Soup Kitchen Accessory (P),Soup Kitchen Accessory (P),Soup Kitchen Accessory (P),Soup Kitchen Accessory (P),Soup Kitchen Accessory (P),Soup Kitchen Accessory (P),Soup Kitchen Accessory (P),,Soup Kitchen Accessory (P),,,,,Soup Kitchen Accessory (P)
,,,,,,,,,,,,Specialty Food Service (P),,,Specialty Food Service (P),Specialty Food Service (P),Specialty Food Service (P),Specialty Food Service (P),Specialty Food Service (P),Specialty Food Service (P),Specialty Food Service (S),Specialty Food Service (S),Specialty Food Service (P),Specialty Food Service (S),Specialty Food Service (P),Specialty Food Service (P),,Specialty Food Service (P),Specialty Food Service (P),,,,
,,,,,,,,,,,,,,,,,,Storage Yard - Outdoor (P),,,,,,,,,,,Storage Yard - Outdoor (P),Storage Yard - Outdoor (P),,,
,,,,,,,,,,,,,,,,,,,,,,,,,,,,,Truck Repair (P),Truck Repair (P),,,
,,,,,,,,,,,,,,,,,,Truck Stop (S),,,,,,,,,,,Truck Stop (P),Truck Stop (P),,,
Utility (S),Utility (S),Utility (S),Utility (S),Utility (S),Utility (S),Utility (S),Utility (S),Utility (S),Utility (S),Utility (S),Utility (S),,Utility (S),Utility (S),Utility (S),Utility (S),Utility (S),Utility (P),Utility (S),Utility (S),Utility (S),Utility (S),Utility (S),Utility (S),Utility (S),Utility (P),Utility (P),Utility (P),Utility (P),Utility (P),,,Utility (P)
,,,,,,,,,,,,,,,,,Vehicle Dealership – Enclosed (P),Vehicle Dealership – Enclosed (P),,Vehicle Dealership – Enclosed (P),,,Vehicle Dealership – Enclosed (P),,,Vehicle Dealership – Enclosed (P),,Vehicle Dealership – Enclosed (P),Vehicle Dealership – Enclosed (P),,,,
,,,,,,,,,,,,,,,,,Vehicle Dealership – With Outdoor Storage/Display (P*),Vehicle Dealership – With Outdoor Storage/Display (P*),,Vehicle Dealership – With Outdoor Storage/Display (S),,,,,,Vehicle Dealership – With Outdoor Storage/Display (S),,Vehicle Dealership – With Outdoor Storage/Display (P*),Vehicle Dealership – With Outdoor Storage/Display (P*),Vehicle Dealership – With Outdoor Storage/Display (P*),,,
,,,,,,,,,,,,,,,,,,Vehicle Operation Facility (P),,,,,,,,,,Vehicle Operation Facility (S),Vehicle Operation Facility (P),Vehicle Operation Facility (P),,,Vehicle Operation Facility (P)
,,,,,,,,,,,,,,,,,Vehicle Rental – Enclosed (P),Vehicle Rental – Enclosed (P),,Vehicle Rental – Enclosed (P),Vehicle Rental – Enclosed (P),Vehicle Rental – Enclosed (P),Vehicle Rental – Enclosed (P),,,Vehicle Rental – Enclosed (P),Vehicle Rental – Enclosed (P),Vehicle Rental – Enclosed (P),,,,,Vehicle Rental – Enclosed (P)
,,,,,,,,,,,,,,,,,Vehicle Rental – With Outdoor Storage/Display (S),Vehicle Rental – With Outdoor Storage/Display (P),,Vehicle Rental – With Outdoor Storage/Display (S),,,,,,Vehicle Rental – With Outdoor Storage/Display (S),Vehicle Rental – With Outdoor Storage/Display (P),Vehicle Rental – With Outdoor Storage/Display (S),,,,,Vehicle Rental – With Outdoor Storage/Display (S)
,,,,,,,,,,,,,,,,,,Vehicle Repair/Service– Major (P*),,,,,,,,Vehicle Repair/Service– Major (S),,Vehicle Repair/Service– Major (P),Vehicle Repair/Service– Major (P),Vehicle Repair/Service– Major (S),,,
,,,,,,,,,,,,Vehicle Repair/Service – Minor (S),,,,Vehicle Repair/Service – Minor (S),Vehicle Repair/Service – Minor (P),Vehicle Repair/Service – Minor (P),Vehicle Repair/Service – Minor (S),Vehicle Repair/Service – Minor (P),,,Vehicle Repair/Service – Minor (S),,Vehicle Repair/Service – Minor (S),Vehicle Repair/Service – Minor (S),,Vehicle Repair/Service – Minor (P),Vehicle Repair/Service – Minor (P),Vehicle Repair/Service – Minor (S),,,
,,,,,,,,,,,,,,,,,,Warehouse (A),,,,,,,,,Warehouse (P),Warehouse (P),Warehouse (P),Warehouse (P),,,
,,,,,,,,,,,,,,,,,,Wholesale Establishment (A),,,,,,,,,,Wholesale Establishment (P),Wholesale Establishment (P),Wholesale Establishment (A),,,
Wind Energy System (S),Wind Energy System (S),,,,,,,,,,,,,,,,,,,,,,,,,,Wind Energy System (S),Wind Energy System (S),Wind Energy System (S),Wind Energy System (S),,,Wind Energy System (S)
,,,,,,,,,,,,,,,,,Winery (S),Winery (P),Winery (S),Winery (P),,,,,Winery (S),Winery (P),,Winery (P),Winery (P),,,,
Wireless Telecommunications – New Facility (S),Wireless Telecommunications – New Facility (S),Wireless Telecommunications – New Facility (S),Wireless Telecommunications – New Facility (S),Wireless Telecommunications – New Facility (S),Wireless Telecommunications – New Facility (S),Wireless Telecommunications – New Facility (S),Wireless Telecommunications – New Facility (S),Wireless Telecommunications – New Facility (S),Wireless Telecommunications – New Facility (S),Wireless Telecommunications – New Facility (S),Wireless Telecommunications – New Facility (S),,Wireless Telecommunications – New Facility (S),Wireless Telecommunications – New Facility (S),Wireless Telecommunications – New Facility (S),Wireless Telecommunications – New Facility (S),Wireless Telecommunications – New Facility (S),Wireless Telecommunications – New Facility (S),Wireless Telecommunications – New Facility (S),Wireless Telecommunications – New Facility (S),Wireless Telecommunications – New Facility (S),Wireless Telecommunications – New Facility (S),Wireless Telecommunications – New Facility (S),Wireless Telecommunications – New Facility (S),Wireless Telecommunications – New Facility (S),Wireless Telecommunications – New Facility (S),Wireless Telecommunications – New Facility (S),Wireless Telecommunications – New Facility (S),Wireless Telecommunications – New Facility (S),Wireless Telecommunications – New Facility (S),Wireless Telecommunications – New Facility (S),Wireless Telecommunications – New Facility (S),Wireless Telecommunications – New Facility (S)
Wireless Telecommunications – Attachments to Existing Structures (Other than Towers) (P),Wireless Telecommunications – Attachments to Existing Structures (Other than Towers) (P),Wireless Telecommunications – Attachments to Existing Structures (Other than Towers) (P),Wireless Telecommunications – Attachments to Existing Structures (Other than Towers) (P),Wireless Telecommunications – Attachments to Existing Structures (Other than Towers) (P),Wireless Telecommunications – Attachments to Existing Structures (Other than Towers) (P),Wireless Telecommunications – Attachments to Existing Structures (Other than Towers) (P),Wireless Telecommunications – Attachments to Existing Structures (Other than Towers) (P),Wireless Telecommunications – Attachments to Existing Structures (Other than Towers) (P),Wireless Telecommunications – Attachments to Existing Structures (Other than Towers) (P),Wireless Telecommunications – Attachments to Existing Structures (Other than Towers) (P),Wireless Telecommunications – Attachments to Existing Structures (Other than Towers) (P),,Wireless Telecommunications – Attachments to Existing Structures (Other than Towers) (P),Wireless Telecommunications – Attachments to Existing Structures (Other than Towers) (P),Wireless Telecommunications – Attachments to Existing Structures (Other than Towers) (P),Wireless Telecommunications – Attachments to Existing Structures (Other than Towers) (P),Wireless Telecommunications – Attachments to Existing Structures (Other than Towers) (P),Wireless Telecommunications – Attachments to Existing Structures (Other than Towers) (P),Wireless Telecommunications – Attachments to Existing Structures (Other than Towers) (P),Wireless Telecommunications – Attachments to Existing Structures (Other than Towers) (P),Wireless Telecommunications – Attachments to Existing Structures (Other than Towers) (P),Wireless Telecommunications – Attachments to Existing Structures (Other than Towers) (P),Wireless Telecommunications – Attachments to Existing Structures (Other than Towers) (P),Wireless Telecommunications – Attachments to Existing Structures (Other than Towers) (P),Wireless Telecommunications – Attachments to Existing Structures (Other than Towers) (P),Wireless Telecommunications – Attachments to Existing Structures (Other than Towers) (P),Wireless Telecommunications – Attachments to Existing Structures (Other than Towers) (P),Wireless Telecommunications – Attachments to Existing Structures (Other than Towers) (P),Wireless Telecommunications – Attachments to Existing Structures (Other than Towers) (P),Wireless Telecommunications – Attachments to Existing Structures (Other than Towers) (P),Wireless Telecommunications – Attachments to Existing Structures (Other than Towers) (P),Wireless Telecommunications – Attachments to Existing Structures (Other than Towers) (P),Wireless Telecommunications – Attachments to Existing Structures (Other than Towers) (P)
Wireless Telecommunications – Modifications (Eligible Facility) (P),Wireless Telecommunications – Modifications (Eligible Facility) (P),Wireless Telecommunications – Modifications (Eligible Facility) (P),Wireless Telecommunications – Modifications (Eligible Facility) (P),Wireless Telecommunications – Modifications (Eligible Facility) (P),Wireless Telecommunications – Modifications (Eligible Facility) (P),Wireless Telecommunications – Modifications (Eligible Facility) (P),Wireless Telecommunications – Modifications (Eligible Facility) (P),Wireless Telecommunications – Modifications (Eligible Facility) (P),Wireless Telecommunications – Modifications (Eligible Facility) (P),Wireless Telecommunications – Modifications (Eligible Facility) (P),Wireless Telecommunications – Modifications (Eligible Facility) (P),,Wireless Telecommunications – Modifications (Eligible Facility) (P),Wireless Telecommunications – Modifications (Eligible Facility) (P),Wireless Telecommunications – Modifications (Eligible Facility) (P),Wireless Telecommunications – Modifications (Eligible Facility) (P),Wireless Telecommunications – Modifications (Eligible Facility) (P),Wireless Telecommunications – Modifications (Eligible Facility) (P),Wireless Telecommunications – Modifications (Eligible Facility) (P),Wireless Telecommunications – Modifications (Eligible Facility) (P),Wireless Telecommunications – Modifications (Eligible Facility) (P),Wireless Telecommunications – Modifications (Eligible Facility) (P),Wireless Telecommunications – Modifications (Eligible Facility) (P),Wireless Telecommunications – Modifications (Eligible Facility) (P),Wireless Telecommunications – Modifications (Eligible Facility) (P),Wireless Telecommunications – Modifications (Eligible Facility) (P),Wireless Telecommunications – Modifications (Eligible Facility) (P),Wireless Telecommunications – Modifications (Eligible Facility) (P),Wireless Telecommunications – Modifications (Eligible Facility) (P),Wireless Telecommunications – Modifications (Eligible Facility) (P),Wireless Telecommunications – Modifications (Eligible Facility) (P),Wireless Telecommunications – Modifications (Eligible Facility) (P),Wireless Telecommunications – Modifications (Eligible Facility) (P)
,,,,,,,,,,,,,,,Wireless Telecommunications – Modifications (Non-Eligible Facility) (S),Wireless Telecommunications – Modifications (Non-Eligible Facility) (S),Wireless Telecommunications – Modifications (Non-Eligible Facility) (S),Wireless Telecommunications – Modifications (Non-Eligible Facility) (S),Wireless Telecommunications – Modifications (Non-Eligible Facility) (S),Wireless Telecommunications – Modifications (Non-Eligible Facility) (S),Wireless Telecommunications – Modifications (Non-Eligible Facility) (S),Wireless Telecommunications – Modifications (Non-Eligible Facility) (S),Wireless Telecommunications – Modifications (Non-Eligible Facility) (S),Wireless Telecommunications – Modifications (Non-Eligible Facility) (S),Wireless Telecommunications – Modifications (Non-Eligible Facility) (S),Wireless Telecommunications – Modifications (Non-Eligible Facility) (S),Wireless Telecommunications – Modifications (Non-Eligible Facility) (S),Wireless Telecommunications – Modifications (Non-Eligible Facility) (S),Wireless Telecommunications – Modifications (Non-Eligible Facility) (S),Wireless Telecommunications – Modifications (Non-Eligible Facility) (S),Wireless Telecommunications – Modifications (Non-Eligible Facility) (S),Wireless Telecommunications – Modifications (Non-Eligible Facility) (S),Wireless Telecommunications – Modifications (Non-Eligible Facility) (S)
